Const,Your Rating,Date Rated,Title,Title Type,Runtime,Year
tt0056172,2,2017-08-31,Lawrence of Arabia,movie,228,1962
tt0361748,4,2017-03-25,Inglourious Basterds,movie,153,2009
tt0064116,4,2017-08-31,C'era una volta il West,movie,165,1968
tt0079470,4,2017-09-05,Life of Brian,movie,94,1979
tt0095327,4,2017-04-14,Hotaru no haka,movie,89,1988
tt1431045,5,2016-05-07,Deadpool,movie,108,2016
tt0033467,5,2017-08-22,Citizen Kane,movie,119,1941
tt3606752,5,2019-10-16,Cars 3,movie,102,2017
tt0050825,5,2017-08-22,Paths of Glory,movie,88,1957
tt0102926,6,2017-03-04,The Silence of the Lambs,movie,118,1991
tt1216475,6,2019-08-13,Cars 2,movie,106,2011
tt1979376,6,2020-01-01,Toy Story 4,movie,100,2019
tt0246578,6,2019-05-09,Donnie Darko,movie,113,2001
tt2488496,6,2017-03-25,Star Wars: Episode VII - The Force Awakens,movie,138,2015
tt3671754,6,2017-02-19,Kardes Payi,tvSeries,70,2014
tt0438097,6,2019-08-13,Ice Age: The Meltdown,movie,91,2006
tt0062622,6,2017-04-14,2001: A Space Odyssey,movie,149,1968
tt1080016,7,2019-08-13,Ice Age: Dawn of the Dinosaurs,movie,94,2009
tt1119646,7,2020-04-08,The Hangover,movie,100,2009
tt0117951,7,2020-01-07,Trainspotting,movie,93,1996
tt0119488,7,2020-01-08,L.A. Confidential,movie,138,1997
tt0119698,7,2017-03-10,Mononoke-hime,movie,134,1997
tt0120338,7,2019-08-13,Titanic,movie,194,1997
tt0120915,7,2019-11-28,Star Wars: Episode I - The Phantom Menace,movie,136,1999
tt0121765,7,2019-12-01,Star Wars: Episode II - Attack of the Clones,movie,142,2002
tt1302011,7,2019-08-13,Kung Fu Panda 2,movie,90,2011
tt1305806,7,2020-04-04,El secreto de sus ojos,movie,129,2009
tt1323594,7,2019-08-13,Despicable Me,movie,95,2010
tt1453405,7,2019-08-13,Monsters University,movie,104,2013
tt1690953,7,2019-10-15,Despicable Me 2,movie,98,2013
tt0169547,7,2019-05-09,American Beauty,movie,122,1999
tt1772341,7,2019-10-15,Wreck-It Ralph,movie,101,2012
tt1827487,7,2020-05-03,Bir Zamanlar Anadolu'da,movie,157,2011
tt1837492,7,2019-08-13,13 Reasons Why,tvSeries,60,2017
tt1856010,7,2019-08-13,House of Cards,tvSeries,51,2013
tt1856101,7,2018-01-07,Blade Runner 2049,movie,164,2017
tt1895587,7,2019-05-09,Spotlight,movie,129,2015
tt1950186,7,2020-11-15,Ford v Ferrari,movie,152,2019
tt2015381,7,2019-05-09,Guardians of the Galaxy,movie,121,2014
tt2084970,7,2017-03-04,The Imitation Game,movie,114,2014
tt0211915,7,2019-05-09,Le fabuleux destin d'Amélie Poulain,movie,122,2001
tt2119532,7,2019-05-09,Hacksaw Ridge,movie,139,2016
tt0022100,7,2019-05-09,M - Eine Stadt sucht einen Mörder,movie,117,1931
tt2267968,7,2019-10-15,Kung Fu Panda 3,movie,95,2016
tt2527336,7,2020-01-01,Star Wars: Episode VIII - The Last Jedi,movie,152,2017
tt2582802,7,2018-12-08,Whiplash,movie,106,2014
tt0266697,7,2019-05-09,Kill Bill: Vol. 1,movie,111,2003
tt0270053,7,2019-08-13,Vizontele,movie,110,2001
tt0289043,7,2020-05-03,28 Days Later...,movie,113,2002
tt0317219,7,2019-08-13,Cars,movie,117,2006
tt0032138,7,2019-05-09,The Wizard of Oz,movie,102,1939
tt0325980,7,2019-05-09,Pirates of the Caribbean: The Curse of the Black Pearl,movie,143,2003
tt3315342,7,2017-03-27,Logan,movie,137,2017
tt0338013,7,2017-08-31,Eternal Sunshine of the Spotless Mind,movie,108,2004
tt3385516,7,2020-05-03,X-Men: Apocalypse,movie,144,2016
tt0033870,7,2020-01-08,The Maltese Falcon,movie,100,1941
tt0034583,7,2018-12-08,Casablanca,movie,102,1942
tt0347149,7,2017-03-10,Hauru no ugoku shiro,movie,119,2004
tt0351283,7,2019-08-13,Madagascar,movie,86,2005
tt0363163,7,2017-03-30,Der Untergang,movie,156,2004
tt3698408,7,2019-08-13,Pek Yakinda,movie,134,2014
tt0372784,7,2019-05-09,Batman Begins,movie,140,2005
tt3778644,7,2019-11-28,Solo: A Star Wars Story,movie,135,2018
tt0398286,7,2019-08-13,Tangled,movie,100,2010
tt0413267,7,2019-10-15,Shrek the Third,movie,93,2007
tt4158110,7,2017-02-19,Mr. Robot,tvSeries,49,2015
tt0043014,7,2018-03-25,Sunset Blvd.,movie,110,1950
tt0441773,7,2019-08-13,Kung Fu Panda,movie,92,2008
tt0044741,7,2019-08-30,Ikiru,movie,143,1952
tt4574334,7,2019-02-20,Stranger Things,tvSeries,51,2016
tt4633694,7,2019-05-09,Spider-Man: Into the Spider-Verse,movie,117,2018
tt0047396,7,2018-12-08,Rear Window,movie,112,1954
tt0477348,7,2018-01-09,No Country for Old Men,movie,122,2007
tt5027774,7,2018-06-26,"Three Billboards Outside Ebbing, Missouri",movie,115,2017
tt5071412,7,2019-08-13,Ozark,tvSeries,60,2017
tt0051201,7,2019-05-09,Witness for the Prosecution,movie,116,1957
tt0052357,7,2017-08-31,Vertigo,movie,128,1958
tt5311514,7,2018-03-25,Kimi no na wa.,movie,106,2016
tt0055031,7,2019-05-09,Judgment at Nuremberg,movie,179,1961
tt0056592,7,2019-05-09,To Kill a Mockingbird,movie,129,1962
tt0060827,7,2020-01-27,Persona,movie,85,1966
tt0064356,7,2019-12-01,Gaav,movie,104,1969
tt6628102,7,2020-05-03,Ahlat Agaci,movie,188,2018
tt6697582,7,2019-08-13,Arif V 216,movie,125,2018
tt0071853,7,2019-05-09,Monty Python and the Holy Grail,movie,91,1975
tt7286456,7,2020-01-26,Joker,movie,122,2019
tt0074958,7,2021-01-19,Network,movie,121,1976
tt0075148,7,2019-05-09,Rocky,movie,120,1976
tt0078788,7,2018-12-08,Apocalypse Now,movie,147,1979
tt0081505,7,2017-03-24,The Shining,movie,146,1980
tt0827503,7,2019-08-13,Hokkabaz,movie,122,2006
tt0084787,7,2020-01-26,The Thing,movie,109,1982
tt0086879,7,2017-09-05,Amadeus,movie,160,1984
tt0097576,7,2019-05-09,Indiana Jones and the Last Crusade,movie,127,1989
tt0978762,7,2017-04-02,Mary and Max,movie,92,2009
tt0993846,7,2019-05-09,The Wolf of Wall Street,movie,180,2013
tt1010048,8,2019-08-13,Slumdog Millionaire,movie,120,2008
tt0101414,8,2019-05-09,Beauty and the Beast,movie,84,1991
tt1028532,8,2018-01-07,Hachi: A Dog's Tale,movie,93,2009
tt0103064,8,2017-03-17,Terminator 2: Judgment Day,movie,137,1991
tt0105236,8,2019-05-09,Reservoir Dogs,movie,99,1992
tt0105695,8,2020-01-07,Unforgiven,movie,130,1992
tt0107207,8,2018-01-13,In the Name of the Father,movie,133,1993
tt0110357,8,2018-03-18,The Lion King,movie,88,1994
tt11213372,8,2021-01-19,Azizler,movie,96,2021
tt0113277,8,2020-01-06,Heat,movie,170,1995
tt0114746,8,2017-03-31,Twelve Monkeys,movie,129,1995
tt0114814,8,2018-12-08,The Usual Suspects,movie,106,1995
tt1170358,8,2019-10-16,The Hobbit: The Desolation of Smaug,movie,161,2013
tt0119217,8,2017-04-08,Good Will Hunting,movie,126,1997
tt1201607,8,2019-05-09,Harry Potter and the Deathly Hallows: Part 2,movie,130,2011
tt0120265,8,2018-02-21,Ta'm e guilass,movie,95,1997
tt0120363,8,2019-08-13,Toy Story 2,movie,92,1999
tt0121766,8,2019-11-28,Star Wars: Episode III - Revenge of the Sith,movie,140,2005
tt0126029,8,2019-08-13,Shrek,movie,90,2001
tt1286126,8,2019-08-13,A.R.O.G,movie,127,2008
tt1291584,8,2018-10-10,Warrior,movie,140,2011
tt1302006,8,2019-12-01,The Irishman,movie,209,2019
tt0133093,8,2018-12-08,The Matrix,movie,136,1999
tt1504320,8,2019-08-13,The King's Speech,movie,118,2010
tt1567448,8,2019-08-13,Yahsi Bati,movie,112,2009
tt1667889,8,2019-10-15,Ice Age: Continental Drift,movie,88,2012
tt1668191,8,2019-08-13,Av Mevsimi,movie,140,2010
tt1979320,8,2019-05-09,Rush,movie,123,2013
tt2082197,8,2019-10-16,Barfi!,movie,151,2012
tt0021749,8,2019-05-09,City Lights,movie,87,1931
tt2245084,8,2019-08-13,Big Hero 6,movie,102,2014
tt2267998,8,2018-06-26,Gone Girl,movie,149,2014
tt2278388,8,2017-04-16,The Grand Budapest Hotel,movie,99,2014
tt2306299,8,2019-08-13,Vikings,tvSeries,44,2013
tt2310332,8,2019-11-28,The Hobbit: The Battle of the Five Armies,movie,144,2014
tt0253474,8,2016-05-07,The Pianist,movie,150,2002
tt2543164,8,2019-08-13,Arrival,movie,116,2016
tt0268380,8,2019-08-13,Ice Age,movie,81,2002
tt2758880,8,2020-02-16,Kis Uykusu,movie,196,2014
tt0027977,8,2019-05-09,Modern Times,movie,87,1936
tt2980516,8,2019-08-13,The Theory of Everything,movie,123,2014
tt0298148,8,2019-08-13,Shrek 2,movie,93,2004
tt0317705,8,2019-08-13,The Incredibles,movie,115,2004
tt0032553,8,2019-05-09,The Great Dictator,movie,125,1940
tt3521164,8,2019-08-13,Moana,movie,107,2016
tt0036775,8,2019-05-09,Double Indemnity,movie,107,1944
tt3748528,8,2019-12-28,Rogue One,movie,133,2016
tt0382932,8,2019-08-13,Ratatouille,movie,111,2007
tt0395169,8,2019-05-09,Hotel Rwanda,movie,121,2004
tt4016934,8,2020-03-07,Ah-ga-ssi,movie,145,2016
tt0405159,8,2020-01-06,Million Dollar Baby,movie,132,2004
tt0405508,8,2018-02-23,Rang De Basanti,movie,167,2006
tt0421357,8,2019-08-13,Hagane no renkinjutsushi,tvSeries,24,2003
tt0424227,8,2020-04-09,Lakposhtha parvaz mikonand,movie,98,2004
tt0042876,8,2019-05-09,Rashômon,movie,88,1950
tt4430212,8,2019-12-28,Drishyam,movie,163,2015
tt0454921,8,2017-03-04,The Pursuit of Happyness,movie,117,2006
tt0457430,8,2019-05-09,El laberinto del fauno,movie,118,2006
tt0469494,8,2020-04-07,There Will Be Blood,movie,158,2007
tt4729430,8,2020-01-01,Klaus,movie,96,2019
tt5013056,8,2019-10-16,Dunkirk,movie,106,2017
tt0050986,8,2020-01-10,Smultronstället,movie,91,1957
tt5229228,8,2019-10-16,Iftarlik Gazoz,movie,115,2016
tt0052618,8,2019-05-09,Ben-Hur,movie,212,1959
tt0058461,8,2019-08-13,Per un pugno di dollari,movie,99,1964
tt0060196,8,2018-12-08,"Il buono, il brutto, il cattivo",movie,161,1966
tt0066921,8,2019-05-09,A Clockwork Orange,movie,136,1971
tt0067992,8,2019-08-13,Willy Wonka & the Chocolate Factory,movie,100,1971
tt0070735,8,2019-05-09,The Sting,movie,129,1973
tt7137906,8,2019-08-13,When They See Us,tvMiniSeries,296,2019
tt0758758,8,2019-05-09,Into the Wild,movie,148,2007
tt0078748,8,2019-05-09,Alien,movie,117,1979
tt0080678,8,2019-05-09,The Elephant Man,movie,124,1980
tt8108198,8,2020-02-16,Andhadhun,movie,139,2018
tt8267604,8,2020-03-20,Capharnaüm,movie,126,2018
tt0082971,8,2019-05-09,Raiders of the Lost Ark,movie,115,1981
tt0083987,8,2017-12-09,Gandhi,movie,191,1982
tt0087843,8,2019-05-09,Once Upon a Time in America,movie,229,1984
tt0088247,8,2017-03-17,The Terminator,movie,107,1984
tt0093058,8,2017-04-09,Full Metal Jacket,movie,116,1987
tt0944947,8,2019-05-23,Game of Thrones,tvSeries,57,2011
tt0097165,8,2019-05-09,Dead Poets Society,movie,128,1989
tt0099685,8,2018-12-08,Goodfellas,movie,146,1990
tt1049413,9,2019-05-09,Up,movie,96,2009
tt0107290,9,2019-05-09,Jurassic Park,movie,127,1993
tt0109830,9,2018-12-08,Forrest Gump,movie,142,1994
tt11301642,9,2021-01-19,Bir Baskadir,tvSeries,49,2020
tt0114369,9,2018-12-08,Se7en,movie,127,1995
tt0116231,9,2017-12-18,Eskiya,movie,128,1996
tt0116282,9,2019-11-28,Fargo,movie,98,1996
tt1187043,9,2019-05-09,3 Idiots,movie,170,2009
tt0120382,9,2016-05-07,The Truman Show,movie,103,1998
tt1205489,9,2020-01-04,Gran Torino,movie,116,2008
tt0120735,9,2020-01-08,"Lock, Stock and Two Smoking Barrels",movie,107,1998
tt0120815,9,2016-05-07,Saving Private Ryan,movie,169,1998
tt0012349,9,2019-05-09,The Kid,movie,68,1921
tt1255953,9,2020-04-01,Incendies,movie,131,2010
tt1345836,9,2019-05-09,The Dark Knight Rises,movie,164,2012
tt1355642,9,2018-12-08,Hagane no renkinjutsushi,tvSeries,24,2009
tt1360860,9,2019-08-13,Darbareye Elly,movie,119,2009
tt0137523,9,2016-05-07,Fight Club,movie,139,1999
tt1375666,9,2016-05-07,Inception,movie,148,2010
tt1454468,9,2019-08-13,Gravity,movie,91,2013
tt0167404,9,2019-05-09,The Sixth Sense,movie,107,1999
tt0169102,9,2017-05-20,Lagaan: Once Upon a Time in India,movie,224,2001
tt0172495,9,2018-12-08,Gladiator,movie,155,2000
tt1853728,9,2019-05-09,Django Unchained,movie,165,2012
tt0191043,9,2019-08-13,Rang-e khoda,movie,90,1999
tt0209144,9,2018-12-08,Memento,movie,113,2000
tt2150209,9,2019-08-13,Dedemin Insanlari,movie,126,2011
tt2338151,9,2019-11-28,PK,movie,153,2014
tt2380307,9,2018-01-08,Coco,movie,105,2017
tt0245712,9,2018-02-18,Amores perros,movie,154,2000
tt2560140,9,2017-02-19,Shingeki no kyojin,tvSeries,24,2013
tt2592910,9,2019-08-13,CM101MMXI Fundamentals,movie,139,2013
tt0263438,9,2019-08-13,Her Sey Çok Güzel Olacak,movie,107,1998
tt0264464,9,2019-05-09,Catch Me If You Can,movie,141,2002
tt2861424,9,2018-12-08,Rick and Morty,tvSeries,23,2013
tt2991224,9,2018-10-10,Mandariinid,movie,87,2013
tt3032476,9,2019-08-13,Better Call Saul,tvSeries,46,2015
tt3170832,9,2017-04-14,Room,movie,118,2015
tt0317248,9,2016-05-07,Cidade de Deus,movie,130,2002
tt0032551,9,2018-03-18,The Grapes of Wrath,movie,129,1940
tt0353969,9,2020-03-31,Salinui chueok,movie,131,2003
tt0364569,9,2019-05-09,Oldeuboi,movie,120,2003
tt3659388,9,2016-05-07,The Martian,movie,144,2015
tt0384116,9,2019-08-13,G.O.R.A.,movie,127,2004
tt0040522,9,2019-05-09,Ladri di biciclette,movie,89,1948
tt0407887,9,2018-12-08,The Departed,movie,151,2006
tt0416960,9,2019-10-18,Marmoulak,movie,115,2004
tt0435761,9,2019-05-09,Toy Story 3,movie,103,2010
tt4508902,9,2019-08-13,One Punch Man: Wanpanman,tvSeries,24,2015
tt0454876,9,2019-08-13,Life of Pi,movie,127,2012
tt0455275,9,2017-02-19,Prison Break,tvSeries,44,2005
tt0468569,9,2016-05-07,The Dark Knight,movie,152,2008
tt0482571,9,2017-03-17,The Prestige,movie,130,2006
tt4857264,9,2020-11-15,Contratiempo,movie,106,2016
tt0499549,9,2019-08-13,Avatar,movie,162,2009
tt0050976,9,2020-01-09,Det sjunde inseglet,movie,96,1957
tt5186714,9,2019-08-13,Forushande,movie,124,2016
tt0053125,9,2018-01-09,North by Northwest,movie,136,1959
tt0054215,9,2018-01-11,Psycho,movie,109,1960
tt5460658,9,2019-11-19,Abad va yek rooz,movie,112,2016
tt0055630,9,2020-01-14,Yôjinbô,movie,110,1961
tt0057012,9,2017-03-12,Dr. Strangelove or: How I Learned to Stop Worrying and Love the Bomb,movie,95,1964
tt5753856,9,2019-08-13,Dark,tvSeries,60,2017
tt0059578,9,2019-05-09,Per qualche dollaro in più,movie,132,1965
tt6468322,9,2019-08-13,La casa de papel,tvSeries,70,2017
tt6751668,9,2019-11-26,Gisaengchung,movie,132,2019
tt6966692,9,2019-11-28,Green Book,movie,130,2018
tt0071562,9,2016-05-07,The Godfather: Part II,movie,202,1974
tt0075314,9,2017-09-02,Taxi Driver,movie,114,1976
tt0076759,9,2019-11-26,Star Wars,movie,121,1977
tt0080684,9,2019-11-26,Star Wars: Episode V - The Empire Strikes Back,movie,124,1980
tt0083658,9,2018-01-09,Blade Runner,movie,117,1982
tt8398600,9,2020-05-03,After Life,tvSeries,30,2019
tt8579674,9,2020-03-30,1917,movie,119,2019
tt0086190,9,2019-11-26,Star Wars: Episode VI - Return of the Jedi,movie,131,1983
tt0086250,9,2017-03-26,Scarface,movie,170,1983
tt0087544,9,2019-05-09,Kaze no tani no Naushika,movie,117,1984
tt0876563,9,2019-08-13,Gake no ue no Ponyo,movie,101,2008
tt0088763,9,2016-05-07,Back to the Future,movie,116,1985
tt0892769,9,2019-05-09,How to Train Your Dragon,movie,98,2010
tt0903747,9,2018-12-08,Breaking Bad,tvSeries,49,2008
tt0090605,9,2018-01-13,Aliens,movie,137,1986
tt0910970,9,2019-05-09,WALL·E,movie,98,2008
tt0092005,9,2018-03-18,Stand by Me,movie,89,1986
tt0095953,9,2017-04-08,Rain Man,movie,133,1988
tt0096283,9,2017-05-20,Tonari no Totoro,movie,86,1988
tt0986264,9,2019-05-09,Taare Zameen Par,movie,165,2007
tt0108052,10,2016-05-07,Schindler's List,movie,195,1993
tt0110413,10,2016-05-07,Léon,movie,110,1994
tt0110912,10,2016-09-04,Pulp Fiction,movie,154,1994
tt0111161,10,2016-05-07,The Shawshank Redemption,movie,142,1994
tt0112573,10,2016-05-07,Braveheart,movie,178,1995
tt1130884,10,2019-05-09,Shutter Island,movie,138,2010
tt0114709,10,2019-05-09,Toy Story,movie,81,1995
tt0118715,10,2016-05-07,The Big Lebowski,movie,117,1998
tt0118799,10,2018-12-08,La vita è bella,movie,116,1997
tt0118849,10,2019-05-09,Bacheha-Ye aseman,movie,89,1997
tt0120586,10,2018-12-08,American History X,movie,119,1998
tt0120689,10,2016-05-07,The Green Mile,movie,189,1999
tt0120737,10,2016-05-07,The Lord of the Rings: The Fellowship of the Ring,movie,178,2001
tt1392190,10,2016-05-07,Mad Max: Fury Road,movie,120,2015
tt1392214,10,2017-09-02,Prisoners,movie,153,2013
tt1663202,10,2019-08-13,The Revenant,movie,156,2015
tt0167260,10,2016-05-07,The Lord of the Rings: The Return of the King,movie,201,2003
tt0167261,10,2016-05-07,The Lord of the Rings: The Two Towers,movie,179,2002
tt1675434,10,2016-05-07,Intouchables,movie,112,2011
tt0180093,10,2017-08-22,Requiem for a Dream,movie,102,2000
tt1832382,10,2019-05-09,Jodaeiye Nader az Simin,movie,123,2011
tt0198781,10,2016-05-07,"Monsters, Inc.",movie,92,2001
tt2024544,10,2016-05-07,12 Years a Slave,movie,134,2013
tt0208092,10,2018-01-12,Snatch,movie,104,2000
tt2085059,10,2019-02-20,Black Mirror,tvSeries,60,2011
tt0209463,10,2019-10-16,Bad ma ra khahad bord,movie,118,1999
tt2096673,10,2019-05-09,Inside Out,movie,95,2015
tt2106476,10,2018-01-13,Jagten,movie,115,2012
tt2395695,10,2018-12-08,Cosmos: A Spacetime Odyssey,tvMiniSeries,557,2014
tt0245429,10,2018-12-08,Sen to Chihiro no kamikakushi,movie,125,2001
tt0266543,10,2019-05-09,Finding Nemo,movie,100,2003
tt0268978,10,2016-05-07,A Beautiful Mind,movie,135,2001
tt2707408,10,2017-02-19,Narcos,tvSeries,49,2015
tt3011894,10,2019-05-09,Relatos salvajes,movie,122,2014
tt0038650,10,2018-12-08,It's a Wonderful Life,movie,130,1946
tt0405094,10,2017-08-22,Das Leben der Anderen,movie,137,2006
tt0417299,10,2020-05-01,Avatar: The Last Airbender,tvSeries,23,2005
tt0434409,10,2019-05-09,V for Vendetta,movie,132,2005
tt0047478,10,2017-03-13,Shichinin no samurai,movie,207,1954
tt0476735,10,2019-05-09,Babam ve Oglum,movie,112,2005
tt0050083,10,2018-12-08,12 Angry Men,movie,96,1957
tt5074352,10,2017-02-28,Dangal,movie,161,2016
tt5491994,10,2018-12-08,Planet Earth II,tvMiniSeries,298,2016
tt0068646,10,2016-05-07,The Godfather,movie,175,1972
tt0073486,10,2016-05-07,One Flew Over the Cuckoo's Nest,movie,133,1975
tt0795176,10,2019-08-13,Planet Earth,tvMiniSeries,538,2006
tt0816692,10,2016-05-07,Interstellar,movie,169,2014
tt0082096,10,2017-08-22,Das Boot,movie,149,1981
tt0877057,10,2019-08-13,Death Note: Desu nôto,tvSeries,24,2006
tt0095765,10,2019-05-09,Nuovo Cinema Paradiso,movie,155,1988
tt0997246,10,2019-08-13,Avaze gonjeshk-ha,movie,96,2008
